,Test MSE,Test RMSE,Test MAE,Test R2
ARIMA,50.474961528454784,7.104573282643708,5.523321368591946,0.8174941055900977
