,Test MSE,Test RMSE,Test MAE,Test R2
LSTM,31.1435473905118,5.580640410428878,4.129924952509146,0.8837825877028188
